index,class,region-centroid-col,region-centroid-row,region-pixel-count,short-line-density-5,short-line-density-2,vedge-mean,vedge-sd,hedge-mean,hedge-sd,intensity-mean,rawred-mean,rawblue-mean,rawgreen-mean,exred-mean,exblue-mean,exgreen-mean,value-mean,saturatoin-mean,hue-mean
928,CEMENT,0.016950726344467475,0.07261829917953663,,-0.0027024972349644783,-0.004134410361772838,-0.010952692316364546,0.01342139312762586,-0.012721822965266263,0.013216371764149743,-0.05758524373429669,-0.056745153631417265,-0.06074881710241007,-0.0539748877979233,0.05444714462239671,-0.06833966927317185,0.06118962838499917,-0.058922324966460694,0.010083371591433082,0.07857317983704973
272,CEMENT,-1.15018970816203,0.6537955161035361,,-0.35697002707839776,-0.19450958515968583,-0.5164822809238696,-0.12346993396629195,-0.2253722522023764,-0.11466618907663094,-0.5232949208062945,-0.7211209834355831,1.948473872275864,-0.5814858057425408,-0.35282050320683683,-1.5082890876366493,-0.47648975463838983,1.8192344161861167,0.02160192934316344,2.4283685327379207
1038,CEMENT,0.1656623029295955,-1.1902006375215082,,-0.35697002707839776,-0.19450958515968583,-0.29005386700775415,-0.09394345335176188,-0.640874959683042,-0.12273264820637705,0.32559071763634717,-0.3342259285917825,-0.8773284333411921,0.16404642590785873,-0.5254789713923563,0.14942318553563116,2.1590211769118124,-0.9765499964906792,-0.728343307106992,-0.7558574691931316
882,SKY,1.0840173523372925,-1.5729168203493475,,-0.35697002707839776,-0.19450958515968583,-0.619405030984529,-0.05826599691413962,-0.5177628931836545,-0.09255940861093617,2.0068694012310297,-0.5086458096613855,-0.7241684091185812,0.14571365619545396,1.584791286444852,-1.468549424728338,-1.1978887376234961,-0.3785627393541317,0.7402519170820371,0.4141517012657161
2020,CEMENT,-1.4791527109349365,0.4276450444325402,,-0.35697002707839776,4.390359207890052,-0.5988205795307783,0.0857645017401697,2.5908131939039403,-0.1303471611654211,-0.9705364003713949,-0.7845463942146853,-0.6577990890285857,0.7598612353174614,0.42414271585600555,0.20051705609412834,-0.48610839851095033,-0.49505375878174285,-0.07428973492256725,-0.7193679159071596
63,CEMENT,1.38556677154579,0.2014945727615442,,-0.35697002707839776,-0.19450958515968583,3.559239414450566,-0.06313873194837274,-0.5639299856401342,-0.08468971536221709,-0.9695662453148696,2.4596639787794565,0.8304058126182171,-0.8656435932892842,-0.10342484212860391,-0.18552549307347763,-1.0920836550253281,-0.78239831220019,-0.6366660112674365,2.277613108714973
1589,FOLIAGE,1.0154833934262704,1.0365116989313756,,-0.35697002707839776,-0.19450958515968583,0.8009224231508597,-0.1243350553824153,-0.47159602232868253,-0.13235883533394827,-0.578593756173071,0.6869234423955541,2.1628980486263347,0.09071537455738013,0.7694596522270447,1.2734882356348276,0.5527061525698215,-0.46140080796852356,-0.5961407008960038,2.2010625445515903
1700,PATH,0.7276407659999772,0.04492886160470081,,-0.35697002707839776,-0.19450958515968583,-0.0018709390020669962,-0.07651451336179044,-0.10226006659217869,-0.09255940861093617,-0.516503816000725,-0.91139724431433,2.1960828465153472,-0.9236973347128162,1.3929485545678477,-0.3047445584392181,-1.3133127237978692,0.6853886490787287,1.6324783628354984,2.24903549458348
312,PATH,-1.4517391273705276,-0.2160139903233715,,-0.35697002707839776,-0.19450958515968583,-0.29005386700775415,-0.12730816296443143,-0.44081807149178326,-0.10982514750065756,-0.5359069501359064,-0.36593860829403735,-0.8645651044986086,2.6725793745044317,0.19393137026679796,0.8306748270448404,0.004442871829053997,2.360270432420568,0.7402519170820371,-0.5543964845465078
1227,CEMENT,-0.9857082067755768,-1.1554082572644317,,-0.35697002707839776,-0.19450958515968583,0.22455771575219802,-0.12532608395897413,-0.5947079891073915,-0.1303471611654211,0.38574042821657195,-0.7623475041523868,-0.9590137765300509,-0.9328637162691217,0.3282213283351949,-1.6161539198052688,-1.2652194178671843,1.9926767301016923,-0.8365812864409371,-0.5916161058607201
1954,CEMENT,1.0840173523372925,-0.8248806448222069,,2.4101466249419325,-0.19450958515968583,-0.5370673548516066,-0.12061870557876056,-0.6100969811459542,-0.10616440875112387,2.5860518366744265,1.9459180538570031,0.28413505879177126,-0.17205412299339035,-1.8108253552544722,-0.0833377519564833,0.43728230490405856,-1.0516219886005556,0.5914516600009946,-0.442388311331007
595,PATH,1.1114309359017014,1.2452659804738335,,-0.35697002707839776,-0.19450958515968583,-0.3723913912273823,-0.11079090035421002,-0.07148219331580709,-0.12606479995605047,-0.8938941488889429,-0.22323140692668916,1.9740005161766296,2.2723139803644914,-0.2568990552555623,-0.5204742738703277,1.8031310939234209,1.697566069891065,0.3834779349347033,-0.4420052229843326
1866,PATH,-0.21812786697212863,0.3058717135327731,,-0.35697002707839776,-0.19450958515968583,1.9948211187863192,-0.12260074377831834,-0.2099831632131541,-0.137244539930436,-0.5019514784964324,-0.2517728472001588,0.3377410569313842,-0.251496115914098,0.3474055833937562,-1.2698510284365874,-0.7650493305188559,-0.8833571809485904,0.33372900153371576,-0.6722991708529863
403,PATH,0.878415475604226,0.04492886160470081,,-0.35697002707839776,-0.19450958515968583,-0.0018712724702737837,-0.06055102471521425,-0.4562071466309112,0.14100447223584636,0.6932795620395338,-0.8891983485437435,-0.8543544308565005,-0.9175864151418999,0.61598547363178,-0.8383916793245612,-1.0824648380170043,-0.9661952402437005,-0.7091575895387547,-0.492033649070914
487,FOLIAGE,-0.3003686176653552,1.6105859731731347,,-0.35697002707839776,-0.19450958515968583,-0.3312224068054303,-0.12160970204575912,-0.10226006659217869,-0.09659210171626027,1.4034330350215645,-0.2644579476225011,0.27902966108961064,0.3779286933873478,0.13637860509111424,-0.651047470245448,0.04291753388717835,-0.4148044001974791,-0.7618616791822913,-0.42853895577915707
106,BRICKFACE,0.6591068070889551,1.9585097757438978,,2.4101466249419325,-0.19450958515968583,-0.2900533853314552,-0.12491315911665778,1.0211362275720512,-0.13003226995234035,-0.8240429838761296,-0.6323253746659405,-0.7573530921375814,0.3748732638509445,0.07882575358619634,0.9271854771102096,-0.8708546728206686,0.18318281733212158,2.3433627488731603,-0.5816358778994142
2033,CEMENT,0.6179864317423418,-0.5813339830226727,,-0.35697002707839776,-0.19450958515968583,-0.5988205795307783,-0.11871919452369958,2.5908131939039403,-0.11621409507031667,2.2920951744044693,0.2239178620795889,0.2228710445079266,-0.34010442494315585,-0.5350710989216367,-0.06062948993772395,0.14872270305322788,-0.6814394131641244,-1.049787340570631,2.575944517616077
515,FOLIAGE,1.5500482729322431,-0.12903303968068072,,-0.35697002707839776,-0.19450958515968583,-0.4547293600712864,-0.12689523134343014,-0.6100969700658788,-0.13785750932325358,-0.35254764426926305,-0.1280932536541634,-0.41529574223128773,-0.5937076613838578,-0.5734396090387593,0.39353825403712533,-0.8035239925769805,-0.8497042138266283,2.5102206929621738,-0.5675100128027432
1580,CEMENT,-1.3832051684595055,0.49722980494669283,,-0.35697002707839776,-0.19450958515968583,-0.4547289006262013,0.18627215265831595,-0.42542894095227834,-0.09597690758913573,0.2926054262784002,-0.5593861542678739,-0.7650110853078111,1.6764993084505928,0.030865115939793186,2.244271980621756,-0.5534389921867571,0.32038337721153454,0.7199741289244104,-0.5169514105634077
308,BRICKFACE,-1.5339798780637541,-0.7552958843080543,,-0.35697002707839776,-0.19450958515968583,0.28631128501518355,-0.10345371643151381,-0.14842741666041076,-0.11968341042979892,-0.8007592622051919,-0.9367674137634301,2.1858720511110263,-0.9053645760000677,0.42414271585600555,-1.1790174796416175,0.7546978729997241,-0.8755911207528175,-0.16866415997855866,-0.6248320656869668
941,SKY,-0.026232782021266568,0.6016069457179217,,-0.35697002707839776,-0.19450958515968583,-0.5370671807070986,-0.1263171262935876,-0.47159593091806074,-0.10195380321478464,-0.9637453152114653,-0.9272536001486639,-0.5071917521700537,0.43598240456182474,-1.8108253552544722,0.6773932153693489,0.5142315424524259,1.9823220763668112,-0.19062321912538405,-0.44638051899509434
104,CEMENT,0.17936909471179993,-0.946653975721974,,-0.35697002707839776,-0.19450958515968583,0.7185845654630247,-0.11715309754747022,-0.11764918328158942,-0.09659210171626027,0.08887288457760825,0.34125491968513316,0.725746457755066,-0.9389746363900207,0.3857741798401128,1.6765620579573086,-1.0536090795350852,0.6853886490787287,0.8184665619486836,-0.442388311331007
816,PATH,-0.09476674093228873,-0.12903303968068072,,-0.35697002707839776,-0.19450958515968583,-0.08420938952226985,-0.04185825243261034,-0.4254290683731452,-0.09734273020006758,0.6447718052841406,2.380382136816618,0.3990050712152288,-0.02233653575774835,0.7214989455172542,-0.4580261701147097,-0.3418286538546581,-0.2931359840078157,-0.6574786875667874,-0.5651547312902575
1416,BRICKFACE,-0.3689025765763774,-1.1902006375215082,,-0.35697002707839776,-0.19450958515968583,0.1010511700585948,-0.1234698973970705,-0.5485410102216846,3.5933508935372562,0.4924574302123902,-0.5086458096613855,2.3262684776952245,-0.8473108345765357,0.08841788111547691,1.0577585712975885,-0.12059958508211688,-0.8781797981654603,0.2763662779529074,2.432215593922009
365,WINDOW,0.5905728481779329,-1.0336349263646647,,-0.35697002707839776,4.390359207890052,-0.4341452198545288,-0.11706280546396201,-0.6716529520702239,-0.12245849272182895,0.548726419666507,2.323299256269679,-0.6220617645935114,-0.8656435932892842,1.440909244011791,0.6773932153693489,0.48537556755080297,-0.8471155270947042,-0.5834733303021723,-0.6455107475487241
2168,BRICKFACE,1.454100730456812,0.4276450444325402,,-0.35697002707839776,-0.19450958515968583,-0.4547293971233094,-0.10187159589277235,-0.34848443781257404,-0.11038382718712143,-0.5737429595421825,0.5029896432495135,1.9791060287488025,-0.920641874927358,-0.304859606572731,-0.810006208738274,-0.6496254309123642,-0.5597710435708687,-0.6751424355028071,-0.44714773106235317
876,WINDOW,-0.27295503410094635,-1.1380120671358938,,-0.35697002707839776,-0.19450958515968583,-0.39297593901639283,-0.11574607735341198,0.9441914197302741,-0.1388488968398101,-0.6309821292778262,0.2239178620795889,-0.5556923985555109,1.8873260088979746,-0.37200467193616377,0.8193204916599783,0.14872270305322788,-0.6451977523207769,-0.2600822461863813,0.11745609254708676
1882,CEMENT,-0.026232782021266568,-1.8164634821488816,,-0.35697002707839776,-0.19450958515968583,-0.0636249899413513,-0.08979905456773944,-0.45620681422865,-0.13053608572519318,-0.922998802942179,0.3793100782449583,2.331373990267397,-0.920641874927358,0.8461967501576003,-0.3047445584392181,0.7546978729997241,-0.16629024095071154,-0.09058244874359661,0.32406508569562825
222,FOLIAGE,-0.9857082067755768,-0.5117492225085202,,-0.35697002707839776,-0.19450958515968583,0.018713053006598743,-0.12427374752865346,-0.5639300355004734,-0.1227019807438577,-0.1992631151101724,0.31588471884044883,-0.4663490300328189,0.16099099637145564,-0.22812258633848595,0.03588116012764533,-0.31297263566909445,-0.3630306422607902,2.5102206929621738,-0.6248320656869668
1781,PATH,1.4403939386746076,0.5668145654608454,,2.4101466249419325,-0.19450958515968583,-0.5370659394643283,-0.12194005345229593,-0.6716529520702239,-0.13053608572519318,-0.9569542300515358,0.7947466675489818,1.0167503360678083,-0.9359191763295711,0.4721033880341024,-1.0484442577195618,-1.0920836550253281,0.8200004523316057,0.48234551674163845,2.312088212637435
602,SKY,0.4260913467914797,1.9585097757438978,,-0.35697002707839776,-0.19450958515968583,2.0359901032082712,-0.12590419630036262,-0.44081840112402565,-0.10257484143531567,0.34208336331532063,-0.59744139845202,-0.49442840724566856,-0.4837110981077102,0.9708945288991763,0.3197360192721274,-0.6688628917932489,-0.984316068335554,-0.552870869482935,-0.49281341504683085
1077,PATH,1.4266871468924034,1.993302156000974,,-0.35697002707839776,-0.19450958515968583,0.08046636290542344,-0.11739780740514612,-0.5177632532861043,-0.1279274861301433,-0.727027488701273,-0.917739785963069,0.6517191674688431,-0.8350889954347033,0.05964149852763505,0.6206222537592265,-0.2071674665030449,0.7293961604340139,-0.8061101386456836,-0.41615743687724294
1389,WINDOW,-0.547090869745035,2.0802831066436647,,-0.35697002707839776,-0.19450958515968583,0.08046636290542344,-0.07853048088636079,1.2365820053111753,-0.138345081849117,0.7068617716506729,-0.6608668149394102,0.4551637107709157,0.6529201015777168,0.9325259842503602,0.7966121785473482,-1.1978887376234961,-1.0153803370764898,0.020385597563300193,-0.5367825094581473
2230,WINDOW,-0.9034674560823502,-0.1812216100662952,,-0.35697002707839776,-0.19450958515968583,-0.29005386700775415,-0.12557384991094458,3.4679861971551245,-0.13733747580861969,-0.37777165054011375,1.7778407943521721,-0.83903843302904,-0.8198116882576706,-2.8275916503213256,1.2678110934893319,0.14872270305322788,-0.8600589840525292,0.5914516600009946,-0.4425288633392803
1229,WINDOW,-0.5333840779628306,0.8973421779030704,,-0.35697002707839776,-0.19450958515968583,-0.08420901900203996,-0.109799863304295,0.03624087560497993,-0.05144384291275275,-0.7367290295746771,-0.7338060638789171,-0.5556923985555109,0.5001470298073897,0.6543540096476728,-0.3842239353497118,-0.8900918739979085,-0.984316068335554,2.1210786198055387,-0.5747068321398066
2220,CEMENT,-0.0810599491500843,0.3058717135327731,,-0.35697002707839776,-0.19450958515968583,-0.3929760131204388,-0.1234698973970705,-0.33309515492203273,-0.1270412651573615,-0.8094906647077675,-0.2708004550215117,-0.9819877790147424,-0.6181513176682099,0.8461967501576003,-0.9689649063560037,-0.2744980601788516,-0.8781797981654603,-0.5107322222451183,-0.6424135559189033
1229,PATH,1.5637550647144476,0.2014945727615442,,2.4101466249419325,-0.19450958515968583,0.14221974690829384,-0.11171705156422253,-0.10226006659217869,-0.11567379783768383,-0.2700844682627685,1.7778407943521721,-0.13705507099891548,0.20987841893672307,-0.09383271459932319,1.387030312136684,0.7546978729997241,-0.7746322287062133,-0.08182902094835355,-0.44149206579022265
1759,GRASS,0.9880698098618614,-1.1554082572644317,,-0.35697002707839776,-0.19450958515968583,-0.29005386700775415,-0.10243335487970671,-0.10226045439481682,-0.09573526274349703,2.5860518366744265,0.40150903966085777,2.367111429572484,0.01738443320346471,1.5368306056338317,0.20619414714575357,2.1109280441168905,-0.8160512630134091,2.4406966225920987,-0.6248320656869668
772,CEMENT,-0.6156248286560572,-0.7552958843080543,,-0.35697002707839776,-0.19450958515968583,0.8832600585265566,-0.1266474722593378,-0.5177630039844083,-0.13785750932325358,0.637980648090198,-0.34056840744935296,-0.8696704286839612,0.4787588855568633,0.8557888863198044,-1.3039136054026608,0.12948538933774204,-1.0516219886005556,1.9091528895597907,-0.41048986480514804
2196,PATH,-0.4374365354873995,-0.09424065942360442,,-0.35697002707839776,-0.19450958515968583,0.36864906859897256,-0.11367016596244253,-0.4254290683731452,-0.12606482886195328,-0.08866541818243291,-0.5371872499348552,0.12586970578900739,-0.7923125474386337,-0.36241263073611724,2.3067201354712443,0.7066046016961915,-0.41998182025773556,-0.7901644100734867,0.8819424732774603
767,WINDOW,-1.684754587668003,-1.416351109192504,,-0.35697002707839776,-0.19450958515968583,0.7391695578763111,-0.12730816296443143,1.1750259817565478,-0.12792750398378913,0.637980648090198,0.21123267603292584,-0.41529574223128773,-0.4317682460060394,1.095592307640752,2.897138166872839,-1.371024500465352,2.1945945747702313,-0.11447852829491142,-0.16780469140417434
1918,SKY,1.3444463961991766,-1.5903130104778858,,-0.35697002707839776,-0.19450958515968583,-0.4547291377591484,-0.11871916731976657,-0.14842741666041076,-0.13242766674982506,-0.922998802942179,0.4363929587918976,0.27902966108961064,-0.44399010164735636,-0.14179335224572617,-1.5423516850402712,-0.9958969565960764,-0.09380696586042463,-1.4974246354895704,-0.5993522902939885
364,WINDOW,0.6042796399601373,-1.1380120671358938,,2.4101466249419325,-0.19450958515968583,-0.5988205795307783,-0.10870148778507494,0.5286883161369138,-0.09212284446135496,-0.8288937647905062,0.2841720391381939,-0.5122970350022019,-0.39510270658122965,-0.24730684139704723,0.41056962937974223,-1.0536090795350852,0.2608434658862569,-1.8698001203733807,-0.4097394128530559
484,FOLIAGE,1.097724144119497,0.3754564740469257,,-0.35697002707839776,-0.19450958515968583,-0.2283002606927456,-0.07337934481534462,-0.44081840112402565,-0.12273264820637705,-0.4747871640509009,0.6742382848903314,0.6159817281637563,-0.9328637162691217,-1.359994843402878,-1.5650600492467717,0.33147710976764466,-0.2077093218543152,0.7282083490524409,-0.3957050489256749
190,FOLIAGE,0.49462530570250185,-1.5729168203493475,,-0.35697002707839776,-0.19450958515968583,-0.0018720876147794926,-0.11517050099833646,-0.4562070552202894,-0.11269558696531723,-0.6930720694501721,-0.8987121581627079,-0.7905377521825792,0.43903783409822783,-1.359994843402878,0.6546846467873659,0.10062945772005978,-0.9972595089846363,-0.6681281387717071,0.11745609254708676
1546,SKY,0.8510018920398171,1.3322469311165241,,-0.35697002707839776,-0.19450958515968583,0.03929760079560927,-0.12194005345229593,0.5286885931387982,-0.10339349230979093,2.516200847162663,-0.9367674137634301,0.8125371848616837,-0.5875967198136289,0.625577566629367,-0.9803190935686411,-0.3033539917965338,-0.8730024293612526,0.4631211673898277,-0.6092782258358924
1443,FOLIAGE,-1.27355083420187,0.2536831431471587,,-0.35697002707839776,-0.19450958515968583,-0.2900533853314552,-0.12194005858090627,-0.19459415732449725,-0.12792748885069885,0.22857530890230623,-0.2073750670755618,-0.4408223861320533,0.17321279701449085,-0.14179335224572617,-0.8043291074678748,-0.7169561111560524,0.3747457752837398,2.4128869944440683,-0.5251744148669517
442,BRICKFACE,-0.13588711627890201,-1.0684273066217411,,-0.35697002707839776,-0.19450958515968583,-0.39297693942101364,-0.0774107447051473,-0.37926250499026476,-0.13431768889612264,0.24409772191137974,0.2810007426265282,-0.8696704286839612,-0.07427941535855963,-1.0626385446782418,1.4892180532536783,-0.8900918739979085,-0.9636065535117763,-0.370488598624176,-0.6635407488162688
1691,WINDOW,-1.2187236670730521,-0.5117492225085202,,-0.35697002707839776,-0.19450958515968583,-0.5782356464007287,-0.1154002589500746,-0.16381633944850238,-0.040417696493290606,1.7973159088120088,-0.25811535459916946,-0.9488031097801438,1.927046867862624,-0.9571251418561552,-1.40042425546803,0.12948538933774204,0.020095390133466118,-0.09983607491572238,-0.44714773106235317
2230,CEMENT,-0.9720014149933724,1.1408888397026045,,-0.35697002707839776,-0.19450958515968583,-0.4341442787331448,-0.11715302953763768,-0.5793189887587723,-0.12961847379214853,0.35372529094596533,-0.169319765808535,-0.7292737378987343,-0.34010442494315585,0.9229338394552327,1.3529677147330625,-1.1401769609560133,-0.38374015941438816,0.24912605251061076,-0.661412214190058
2263,PATH,0.9880698098618614,-1.416351109192504,,-0.35697002707839776,-0.19450958515968583,0.03929767489965529,-0.08979905456773944,0.2362977305560125,-0.12297899281174093,0.57201017015105,-0.9367674137634301,-0.7981957453528088,-0.4256573044358107,1.440909244011791,-0.9349023191711562,-1.3325498384072278,0.20906968465136408,-0.6574786875667874,-0.5523480619765776
713,FOLIAGE,1.6459958154076741,-1.4685396795781185,,-0.35697002707839776,-0.19450958515968583,0.4304021932376823,4.076087255428838,-0.4715960694190029,-0.13758937935916066,-0.6930720694501721,-0.24225901474804207,-0.8492490951841467,0.17932379358300138,0.8941574309686205,0.8249977359932152,-0.7842867913997406,-0.6296656552274353,-0.5019431410804547,0.12513791985008357
1982,SKY,-1.0953625410332124,1.1408888397026045,,-0.35697002707839776,-0.19450958515968583,-0.2900533853314552,-0.10213898379634535,-0.3484840223097474,-0.12724676470186624,-0.9404615922308183,0.027299076676967144,0.003341631273312611,-0.44399010164735636,0.09801009497399166,-1.1222465180314953,-0.18793017875792356,1.9797331799510518,0.7451378302993126,-0.4733588687009595
1777,CEMENT,1.577461856496652,0.8451536075174559,,2.4101466249419325,-0.19450958515968583,-0.5576516766232767,-0.11603580972022812,-0.5331516636207098,-0.022563498035836557,-0.38941355197657174,1.939575574999433,-0.2340563637698297,-0.8350889954347033,1.0668158957009708,-0.7816207177144388,0.5142315424524259,-0.8781797981654603,0.10256113905165458,-0.13439861104371645
402,WINDOW,1.042896976990679,-0.3725797014802149,,-0.35697002707839776,-0.19450958515968583,-0.3106383777447416,-0.09007003249853825,-0.37926214488781507,-0.0935692754331016,-0.13620304704467268,0.7027797251638012,0.07481630311746373,-0.8686990530747424,-0.5638473088510102,1.7901040322714246,-0.7650493305188559,0.6672677720606474,-1.8698001203733807,0.8819424732774603
33,BRICKFACE,1.4266871468924034,0.16670219250446788,,-0.35697002707839776,-0.19450958515968583,-0.39297553144413994,-0.10181184981234524,-0.5947079780273161,-0.10571089724076806,0.5865624290727832,-0.9367674137634301,0.3377410569313842,2.5961928111201282,-0.007503480506563425,-0.7305268471559415,0.13910405918066712,0.7293961604340139,-0.3478268527382672,-0.3288289538658211
1463,BRICKFACE,1.2347920619415411,1.4714164521448294,,2.4101466249419325,-0.19450958515968583,-0.04304025689222587,-0.10380367719111043,-0.5485410102216846,-0.11069870428732025,-0.7852367784718147,-0.9367674137634301,-1.0151724482493412,-0.9328637162691217,-0.5350710989216367,-0.560213911231704,1.9666482128927165,2.336972228535046,-0.8932587557654991,-0.4733588687009595
1890,CEMENT,1.2484988537237456,0.27107933327569683,,-0.35697002707839776,-0.19450958515968583,-0.5370675993949583,-0.029441790959008587,-0.07148183321335734,-0.10131529222618704,1.9205256612635468,-0.9082259734899605,0.3351884155153102,1.927046867862624,1.3929485545678477,0.5297886947454825,-1.8904317889909203,-0.8911232481338243,0.4379509397839134,-0.3892894192036546
559,FOLIAGE,1.6459958154076741,1.9411135856153596,,2.4101466249419325,-0.19450958515968583,0.40981775660474073,-0.11665453731062532,0.31324275999929707,-0.13362190137123886,-0.7522515211663102,-0.9367674137634301,1.5604685863221945,0.4084832637427878,0.021272902081278435,0.018849989160511033,0.5430875000404725,0.33591552090128374,-1.4122189080021341,-0.4762418026422937
1927,FOLIAGE,1.4952211058034255,-1.294577778292737,,2.4101466249419325,-0.19450958515968583,-0.4341449419643563,-0.1266474722593378,5.391609440220281,0.4263588006694971,1.7284350471933998,-0.9272536001486639,-0.8262750995916559,-0.4837110981077102,0.8845652948064165,0.6206222537592265,0.06215482163229985,-1.0076142722210761,-1.8698001203733807,-0.5925621787709197
1684,WINDOW,-1.4106187520239142,1.0713040791884518,,-0.35697002707839776,-0.19450958515968583,-0.7017428590307457,-0.08730447843837727,-0.28692763865266996,-0.14017138892433267,2.3949314552741794,-0.7401485998193682,0.6517191674688431,-0.9359191763295711,1.498462052352092,-0.7589123381797769,-0.19754882263048423,-0.11451650631222639,-0.07992896791952867,0.8819424732774603
1302,BRICKFACE,-0.39631616014078624,1.2452659804738335,,-0.35697002707839776,-0.19450958515968583,0.03929760079560927,-0.10013726265931881,-0.39465070757345694,-0.12917134521523424,-0.709564688934959,-0.8923696165139688,-0.7445897472131962,-0.9328637162691217,0.24189209424243513,0.6149450094259896,0.06215482163229985,0.35662496816027034,-0.6682102641619572,-0.7124375759301648
638,SKY,-0.9857082067755768,0.04492886160470081,,-0.35697002707839776,-0.19450958515968583,0.224557901012313,-0.09319999885025254,0.05162982609325994,-0.09602535898326353,-0.5776236020857306,-0.7052645950640073,-0.9232764383105752,0.0662717732713097,0.7502753712697131,1.21104018297308,0.7162232585539344,0.37992317204579257,-0.8427175203995876,2.1185318548170513
1331,WINDOW,-1.3832051684595055,-0.7378996941795162,,-0.35697002707839776,-0.19450958515968583,-0.4135604312273689,-0.12565643581147706,-0.3638731112989697,-0.1374004530990414,0.5390248787931031,-0.664038111451076,0.5776917852866105,0.3290412708220802,1.095592307640752,-0.8440687703761863,0.0813921353477857,-1.0516219886005556,-0.6049015309264212,-0.44149206579022265
319,BRICKFACE,-1.6299274205391852,0.41024885430400204,,-0.35697002707839776,-0.19450958515968583,-0.5576517099700975,-0.11797595185609488,-0.10226026049349782,-0.1251044957049233,0.38574042821657195,0.3444261591139185,0.09268495384799966,-0.8595326764682821,-2.4151299939037907,-0.1912026863128441,2.1590211769118124,0.46276126395838807,-0.010901767110518167,-0.4420052229843326
1351,SKY,0.6042796399601373,-0.9988425461075884,,-0.35697002707839776,-0.19450958515968583,0.20397324206723352,-0.12037091342628083,-0.440818057641689,-0.1173823271318182,-0.7406096459240388,-0.7338060638789171,-0.08600171427537687,-0.6303731733095266,0.865381013849085,2.244271980621756,0.591180771344005,-0.5209406493991893,1.5368828317769576,-0.5549968072816599
1949,CEMENT,-0.4374365354873995,-0.1812216100662952,,-0.35697002707839776,-0.19450958515968583,-0.14596247710895646,-0.12458281564831782,0.005462836127477596,-0.13834509018081842,-0.7978487973237519,2.2091334951758,0.12586970578900739,-0.4256573044358107,-0.3911888406654907,0.3821841741216164,0.7450792196046965,-0.36820799242643465,-0.15123662656500236,-0.16844578198702997
992,GRASS,-1.2050168752908477,-0.3377873212231386,,-0.35697002707839776,-0.19450958515968583,-0.14596251416097947,-0.12194005345229593,0.09779662215772314,-0.12808005318544796,-0.3787418308216407,1.9205479957195204,-1.0151724482493412,-0.5020438403209742,0.6831304181342848,-0.28771328528434265,-0.7842867913997406,-1.0335011628385224,2.1210786198055387,0.4341250734778542
2294,GRASS,0.23419626184061765,1.1582850298311427,,-0.35697002707839776,-0.19450958515968583,-0.3106380442765348,-0.12268336814342821,-0.16381581314492202,-0.12273264820637705,-0.8347146971728047,0.45859192020779704,-0.8620124355137315,-0.48676652764411327,0.4529190984438475,1.1599463124145828,0.39880770344345123,-0.7901643723959626,-0.765582550663428,-0.05444781424924954
1146,WINDOW,-1.054242165686599,1.3496431212450624,,-0.35697002707839776,-0.19450958515968583,7.0997662205188075,-0.10213897487702306,-0.056093270527715476,0.40595502506980813,0.861116454897104,-0.3310546606215571,0.3990050712152288,-0.9267527958732313,0.5584326221268622,-1.0143816756441015,2.3033011812717494,-0.2931359840078157,-0.779177609665524,-0.5335570608852336
542,WINDOW,0.23419626184061765,-1.3119739684212752,,-0.35697002707839776,-0.19450958515968583,3.559239414450566,-0.11079090035421002,1.3596939693198655,-0.12273264820637705,-0.9695662453148696,0.33808362317346746,-0.9539084408576971,0.01738443320346471,-2.654933182135806,0.6944244374303539,0.6873672966374939,-0.49505375878174285,1.500382672932564,2.355636168710887
347,SKY,-0.41002295192299065,1.3496431212450624,,-0.35697002707839776,-0.19450958515968583,-0.619405030984529,-0.1253260904254828,-0.0868713100052177,-0.054461255290352444,0.3343221830049706,0.17634875690188576,1.9408159480276415,2.0248217129931594,1.0860001706152558,0.10400640602875924,-0.4283965352755863,2.233424759258076,-1.4974246354895704,-0.5260645775860153
1114,SKY,1.7419433578831052,-1.5729168203493475,,-0.35697002707839776,-0.19450958515968583,-0.5988205572995644,-0.08979905456773944,-0.45620706353034596,-0.12245849272182895,-0.08866541818243291,-0.9335961426536461,-0.6501410728843535,-0.44399010164735636,1.2586586310311443,-0.24229655687134125,-0.31297263566909445,0.40063268919939016,-0.024079497729519152,-0.43748368040879293
945,FOLIAGE,-0.9720014149933724,1.5931897830445965,,-0.35697002707839776,-0.19450958515968583,-0.4958982555683833,-0.10213898379634535,-0.2253722245021879,-0.13003247263372938,1.7284350471933998,-0.21371757447457243,-0.8773284333411921,1.9851007440319466,0.1076021361740382,0.7284870859278462,-0.3995405170900223,-0.9972595089846363,-0.7901644100734867,2.316752766234284
812,PATH,0.5083320974847063,-0.5465416027655964,,-0.35697002707839776,-0.19450958515968583,-0.6811583990550297,-0.10971902012784847,-0.6408749652230796,-0.07939970900436297,1.7284350471933998,-0.4293639962399873,-0.7088524227781219,-0.3889918200092825,-0.08424058707004277,0.211871187103508,0.5334688388543355,-0.6451977523207769,-0.530588740000918,-0.48480706273394
1031,GRASS,1.2347920619415411,-0.4421644619943675,,-0.35697002707839776,-0.19450958515968583,-0.5164822809238696,-0.11636742142700593,0.03624087560497993,-0.11542260724273357,-0.13620304704467268,0.3697963599586028,0.3785837331206142,2.0400990256700204,0.37618205231083224,1.1883319209543206,0.24490922834671666,2.1816512576016294,-1.238489893862617,-0.6202185689660515
1365,CEMENT,0.24790305362282208,0.21889076289008236,,-0.35697002707839776,-0.19450958515968583,0.14221985806436296,-0.12730816296443143,-0.3946517768007307,-0.124742300492021,-0.7367290295746771,1.7429565898067294,0.6159817281637563,-0.4378792150754092,-0.35282050320683683,1.0009876607813368,-0.16869289101280205,0.5714862930848379,-0.9492879382094793,-0.5367825094581473
497,BRICKFACE,-0.5882112450916483,-0.4769568422514438,,-0.35697002707839776,-0.19450958515968583,-0.4958983074412155,-0.0671685464286366,-0.30231703234396506,-0.13305511544942264,-0.8085205106204271,-0.28665679487263906,-0.8492490951841467,0.3412631814616788,-0.37200467193616377,1.3416135326298122,-0.4572524668932683,-1.023146406591544,0.24221236485759334,-0.5061349887480932
24,GRASS,1.3444463961991766,0.3058717135327731,,-0.35697002707839776,-0.19450958515968583,-0.3518063024788361,-0.11340275063195344,-0.5023740534961283,-0.09115208222463088,0.5167113609784603,-0.7147784360785561,0.6159817281637563,-0.3889918200092825,-0.7365057770365298,0.291350512920131,1.957029569020156,1.9797331799510518,-1.0215450977668679,2.371666927669224
693,BRICKFACE,1.3992735633279945,-0.4247682718658293,,-0.35697002707839776,-0.19450958515968583,-0.4958983074412155,-0.12590419451649817,0.39018759554126276,-0.08888881124820182,-0.5931460674831772,-0.7211209834355831,-0.38721636501843804,-0.23316337370083395,0.011680860881231894,-0.8894855498830583,2.130165331862012,2.1971830052219126,-0.6110067981379215,-0.5053040364745042
1812,CEMENT,-0.643038412220466,1.5236050225304438,,-0.35697002707839776,-0.19450958515968583,-0.33122274027363724,-0.11401177355372205,-0.10226045439481682,-0.022563498035836557,-0.4971007342539169,2.814846219776233,-0.6092983737211212,1.1540156328888915,0.9517102565747682,0.5752054742523546,0.6007994152165658,-0.6037787646099889,1.3471948614023872,-0.6675545051998564
1152,WINDOW,1.7419433578831052,-1.5729168203493475,,-0.35697002707839776,-0.19450958515968583,-0.2694692821667206,-0.10748741527663935,-0.34848391150899366,-0.135429344964394,0.5060395874351558,-0.8891983485437435,-0.3233997322925218,-0.35232628058447274,0.7310910903123816,1.2223943650763305,0.47575691502145406,0.14176373642851792,0.9592164721754394,-0.5916184354520174
1811,BRICKFACE,0.4123845550092753,0.5320221852037691,,-0.35697002707839776,-0.19450958515968583,2.20066567037585,-0.08605798530829614,-0.42542859192990395,-0.12553713868377286,-0.7522515211663102,-0.917739785963069,-0.678220404149198,-0.23621883073637798,0.33781345586447564,-0.4580261701147097,1.7261818563750537,-0.5054085290076438,0.5009555681743796,0.2720049971542839
1737,BRICKFACE,-0.39631616014078624,0.7929650371318414,,-0.35697002707839776,-0.19450958515968583,-0.4958982555683833,-0.12590419607737957,0.11318571114694548,-0.13024596398021834,-0.9394914381434779,-0.4008225559665176,-0.5863243712364297,2.061487279917109,-0.14179335224572617,1.704947768684788,-1.0824648380170043,-0.2931359840078157,-0.5718751665890841,-0.13453353320635456
1684,GRASS,-0.862347080735737,-1.851255862405958,,2.4101466249419325,-0.19450958515968583,0.36864906859897256,0.06820335955506646,-0.27153904826683967,-0.12724676470186624,-0.922998802942179,1.2450670047354033,2.3517953513360155,-0.6120404035971219,-0.06505633201148148,-0.5147971828187026,-0.13021822895467772,-0.5520049367786881,0.9016109640409478,2.312088212637435
950,PATH,-0.27295503410094635,0.49722980494669283,,-0.35697002707839776,-0.19450958515968583,-0.4547293971233094,0.2021287008603447,-0.4715955597355356,1.2982592791019771,-0.9705364003713949,2.567487261015765,-0.07323834637698909,-0.8686990530747424,0.030865115939793186,-1.5423516850402712,0.18719733914098782,1.7959362123005946,-0.370488598624176,-0.5523480619765776
1498,FOLIAGE,1.3307396044169721,-0.007259708780913653,,-0.35697002707839776,-0.19450958515968583,-0.04304025689222587,12.649540758002738,-0.5947079780273161,-0.10622746272720535,-0.6348627456271878,-0.5942701304817944,-0.49442840724566856,-0.8473108345765357,0.7310910903123816,1.7901040322714246,2.5149115196038485,-0.8600589840525292,-0.757050138718426,-0.43700766725370166
380,PATH,1.4952211058034255,1.7323593040729017,,2.4101466249419325,-0.19450958515968583,-0.14596236595288758,-0.12557384991094458,0.7441344262782994,-0.07518034327912934,0.8310415996069916,-0.5371872499348552,1.8923153016421852,0.24654384836496945,0.23229996671315456,0.20619414714575357,-1.4287363637007164,-0.6167221516732024,-0.7320460891021696,-0.47523386614097585
422,BRICKFACE,-0.8212267053891237,-0.8248806448222069,,2.4101466249419325,-0.19450958515968583,-0.6194050198689222,-0.11797595185609488,-0.3792612307815965,-0.09867610168424282,2.330901337898085,0.5283598155527576,-0.7445897472131962,-0.12011129839086067,-1.551837480317724,-0.054952296698357495,0.7162232585539344,-0.37079672575476674,-1.0491486459356305,-0.5607820884251399
799,WINDOW,1.1251377276839059,1.0365116989313756,,-0.35697002707839776,-0.19450958515968583,-0.2694692821667206,-0.06884542361766358,3.2217619921358596,-0.11757105037047903,-0.9462825246131166,2.8972995865822595,2.211398465271767,0.16099099637145564,0.8366046053624729,-0.9519336178729669,-1.0536090795350852,-0.7280358209351688,2.07105987712245,2.148186710790959
1389,FOLIAGE,-0.10847353271449316,0.4276450444325402,,2.4101466249419325,-0.19450958515968583,-0.537067210348717,-0.12458281431041945,-0.440818057641689,-0.09659210171626027,-0.8948643082151206,-0.7338060638789171,-0.9539084408576971,2.461752371566501,0.4049584348986741,0.7966121785473482,0.04291753388717835,0.39545531573554177,0.025957334439528124,0.32406508569562825
1073,PATH,0.8098815166932039,1.0365116989313756,,-0.35697002707839776,-0.19450958515968583,-0.4547293600712864,-0.08776749606778855,-0.10226006659217869,-0.1280593878454349,-0.90650616774088,-0.7496624237090528,-0.8492490951841467,0.22515573161358382,0.7023147077245397,-1.712664569870638,-0.13021822895467772,-0.5727144772304901,-0.5057008923368397,-0.36831403800583273
2151,GRASS,1.2347920619415411,0.32326790366131125,,2.4101466249419325,-0.19450958515968583,-0.3312224068054303,-0.08668778088573555,-0.5639300022602471,0.614342779368055,2.5734401216750533,-0.7718613166254953,-0.882433769013546,-0.47454467200279643,-0.42955743711184746,0.10400640602875924,0.05253617775973918,0.31779471377781426,-0.6001932713533343,0.03129687023432419
289,WINDOW,-0.834933497171328,-0.19861780019483335,,-0.35697002707839776,-0.19450958515968583,-0.1459625512130025,-0.11636742142700593,-0.5947080140375611,-0.1305360881056793,1.6401507894977436,0.5029896432495135,-0.29532035507967197,-0.32482713976543587,-0.5446631401216833,0.7966121785473482,0.7258419119489622,1.951257649198089,2.5102206929621738,0.03129687023432419
342,BRICKFACE,-0.9994149985577813,-1.851255862405958,,-0.35697002707839776,-0.19450958515968583,-0.3723913912273823,-0.11367016596244253,0.020851758915569202,-0.13091588888376635,-0.5465786712908375,0.14780731662841612,-0.9003024358258837,-0.6181513176682099,0.27066856315951116,2.181823979053879,2.01474143225552,-0.6348429820948761,-1.8698001203733807,-0.45664308047946445
110,WINDOW,-1.2598440424196655,-1.0858234967502791,,-0.35697002707839776,-0.19450958515968583,-0.516482744074157,-0.08997916467277559,-0.548541001911628,-0.1315436944862461,-0.8279236002254913,-0.8923696165139688,-0.8543544308565005,-0.9389746363900207,0.08841788111547691,0.6773932153693489,-0.3995405170900223,-0.3630306422607902,1.6324783628354984,-0.48781359443577255
177,FOLIAGE,-0.2866618258831508,1.2626621706023715,,-0.35697002707839776,-0.19450958515968583,-0.0636247676292133,-0.12730816296443143,-0.22537211370143423,-0.1388488935411365,-0.6950123776248529,-0.5593861542678739,0.1616069613020742,-0.9084200330356117,0.24189209424243513,-1.5764142824438927,0.19681594838639596,-0.8911232481338243,-0.8427175203995876,2.4144967872252683
1133,FOLIAGE,1.481514314021221,1.9411135856153596,,-0.35697002707839776,-0.19450958515968583,-0.10479327037486647,-0.11500280279923006,-0.5947079891073915,-0.137244539930436,0.35372529094596533,1.850779843501597,2.2241619020921624,0.3687623222807157,0.15556286014967538,-0.6794329765974445,-0.5053456862560718,-0.4743442416281448,-0.16833627162047232,-0.5236416732150373
403,CEMENT,-1.0405353739043945,0.4624374246896165,,-0.35697002707839776,-0.19450958515968583,-0.537067210348717,-0.12730816296443143,-0.056093270527715476,-0.12792748885069885,-0.8638193381289476,-0.9367674137634301,0.6185344844498428,-0.920641874927358,-2.7220780748407707,-1.2868823169196242,-0.4283965352755863,-0.8963006332467748,2.3433627488731603,0.34347071062425544
1481,FOLIAGE,-0.9171742478645547,-1.5207282499637331,,-0.35697002707839776,-0.19450958515968583,-0.4135604756897964,1.518224297669474,-0.5331516636207098,-0.09678103579797678,-0.5378472583105872,-0.7338060638789171,-0.69353641346366,-0.8320335356492452,0.7694596522270447,0.16645440759663607,-0.4091592475304648,-0.953251792605157,-0.5643080674311332,2.3945411846178595
2276,PATH,-1.2598440424196655,0.3754564740469257,,-0.35697002707839776,4.390359207890052,-0.24888603119851488,-0.11861891993467313,-0.30231703234396506,-0.1246494163043929,-0.6212805884044222,0.21123267603292584,-0.5020863774418957,-0.8473108345765357,-0.6981374395778759,-0.06062948993772395,-0.5053456862560718,0.3747457752837398,0.9592164721754394,2.1185318548170513
455,CEMENT,-1.177603291726439,-1.0162387362361265,,-0.35697002707839776,-0.19450958515968583,-0.5164827218429432,-0.10641694051248922,-0.3023169215432113,-0.12754006371566257,-0.5873251429591347,-0.6323253746659405,-0.8084064258871175,-0.4256573044358107,0.7214989455172542,-0.054952296698357495,0.04291753388717835,2.202360565071392,0.9822616012831397,-0.5097538146959116
384,PATH,-1.3283780013306876,0.41024885430400204,,-0.35697002707839776,-0.19450958515968583,-0.10479327037486647,-0.07313153036455913,-0.11764929408234318,-0.052697944209377935,2.7170227694363147,-0.4674192689655737,-0.9973037791396032,0.17932379358300138,0.5680247755549129,-0.24229655687134125,-0.7746679743914168,-0.3086681276975651,0.7769627987277601,-0.4981041757265802
1982,PATH,0.9195358509508392,-0.4421644619943675,,-0.35697002707839776,-0.19450958515968583,0.01871346057885172,-0.09845728154613143,-0.6562639583696499,0.614342779368055,-0.4272495875770343,-0.40399382393674327,0.1743703981224694,-0.9236973347128162,-2.194510629084165,0.5241115015061161,0.10062945772005978,0.17023933707609268,0.24072101157086084,2.4283685327379207
1767,SKY,-0.4374365354873995,0.288475523404235,,-0.35697002707839776,-0.19450958515968583,-0.2283003347967916,-0.10850458281913081,-0.08687122690465239,-0.021965793680250825,-0.8706104298374236,-0.7242922399892325,0.5930077256790648,-0.572319434635909,-0.5062945436753266,0.5638511388674925,-0.17831153488536272,0.6543242219100063,0.06429736482677155,-0.6092782258358924
1719,WINDOW,0.12454192758298219,0.2014945727615442,,-0.35697002707839776,-0.19450958515968583,0.08046647406149239,-0.08360837817214041,-0.24076103648952582,-0.022563498035836557,-0.8172518974064907,0.5188460401835214,-0.5097443935861279,0.17932379358300138,0.5584326221268622,0.4219237603891217,0.6007994152165658,-0.7254471342032446,-0.1230869336010247,-0.6170887630580678
1355,BRICKFACE,-0.2044210751899242,-1.4511434894495805,,-0.35697002707839776,-0.19450958515968583,-0.24888488258580213,-0.1150948827608933,0.5286883161369138,0.01607178307015577,-0.6047879427254486,-0.4008225559665176,-0.5020863774418957,1.7864958717267405,1.527238478104551,0.7341642280733418,-0.13021822895467772,2.0056202802523333,-0.5348826934052717,-0.44714773106235317
547,BRICKFACE,0.08342155223636889,0.41024885430400204,,-0.35697002707839776,-0.19450958515968583,0.08046591828114745,-0.1233440203393478,-0.22537211370143423,-0.07059323155748294,0.5729802980442039,0.7947466675489818,0.27902966108961064,-0.9084200330356117,-1.4079554810492811,-1.6161539198052688,-0.5342017044416357,-1.0153803370764898,-0.6084292434896897,-0.48408734844479856
1114,FOLIAGE,-0.19071428340771976,-0.7378996941795162,,-0.35697002707839776,-0.19450958515968583,-0.5782356464007287,-0.11057755685428379,-0.5177629929043329,-0.13305509402504762,-0.2089646821777631,-0.9367674137634301,-0.9130657646684672,-0.7098151112319525,1.402540699362975,0.37082988983062454,-1.2363633996816206,2.2515458692581958,-0.6230118657845686,-0.38544967034780486
1400,FOLIAGE,0.4123845550092753,1.5757935929160585,,-0.35697002707839776,-0.19450958515968583,-0.4547294082389163,-0.040427086964136626,0.3440206332756688,-0.128282469320298,-0.7367290295746771,0.14780731662841612,-0.69353641346366,1.752885596843489,-0.5638473088510102,1.1088524418560857,1.5434274496606368,-1.0516219886005556,0.5978611196579812,-0.564575439587651
1302,BRICKFACE,1.2210852701593369,0.04492886160470081,,-0.35697002707839776,-0.19450958515968583,0.3480642614458012,-0.11340274661825842,-0.2099831632131541,-0.09130216337229512,-0.8230728324082078,2.224989977734129,-0.5071917521700537,1.6153898927483046,-2.4151299939037907,1.2848425710196898,0.591180771344005,-0.33714375164334376,0.48243311715790527,-0.5925621787709197
1277,WINDOW,0.8372951002576127,1.1582850298311427,,-0.35697002707839776,-0.19450958515968583,-0.3929760131204388,-0.11475502848539493,-0.3638731112989697,-0.07820317466332968,-0.8250131484411446,-0.917739785963069,-0.8594597665288544,0.23126661818553115,-1.3216262469565212,0.5638511388674925,0.36995171122825204,-0.2594830564928004,-1.0266973600498026,-0.152698262503929
425,GRASS,-0.9720014149933724,-1.416351109192504,,-0.35697002707839776,-0.19450958515968583,0.12163556963951344,-0.11367016596244253,0.28246452662047583,-0.1315436944862461,-0.922998802942179,-0.9367674137634301,-0.35658439233751954,-0.9359191763295711,-2.1561422916255113,1.6765620579573086,-0.7169561111560524,-0.8911232481338243,-0.8778056043339698,0.8819424732774603
728,GRASS,-0.012525990239062135,-0.19861780019483335,,-0.35697002707839776,-0.19450958515968583,-0.18713194320720739,-0.1040795206122239,0.17474162390081943,-0.11127105986650108,-0.20314373145953418,0.6266693224198298,-0.8696704286839612,-0.8411999122557053,0.42414271585600555,1.2053631430153255,0.12948538933774204,-1.0516219886005556,-0.6907343021934944,2.4029309488317723
163,BRICKFACE,0.5494524728313196,0.514625995075231,,-0.35697002707839776,-0.19450958515968583,0.9244294134687387,-0.12730816296443143,-0.44081807149178326,-0.13658176719741333,-0.18568095788740666,-0.8574856374459042,0.6951143012821271,0.43598240456182474,1.5080541971472194,-0.43531780590820895,-0.7746679743914168,-0.826406009941106,0.2763662779529074,-0.4259752405564284
1868,WINDOW,1.26220564550595,0.06232505173323896,,-0.35697002707839776,-0.19450958515968583,-0.5576516766232767,-0.1038535874888711,-0.24076103648952582,-0.12757622500006038,-0.8502371704285073,-0.7242922399892325,-0.8773284333411921,1.5848354598885688,0.8174203244051413,-0.7702665100642532,0.09101079653392286,-1.0335011628385224,2.5102206929621738,-0.49114348635185034
2230,PATH,-1.0405353739043945,1.08870026931699,,-0.35697002707839776,-0.19450958515968583,-0.45472934154527495,-0.12730816296443143,1.9444758329863796,-0.1275761756899909,-0.8288937647905062,0.407851518518428,-0.6960890778537365,-0.8411999122557053,-0.4967025024752803,-0.810006208738274,0.04291753388717835,0.8225889759761027,0.4771013178218315,-0.40371741934941774
164,SKY,1.50892789758563,2.1498678671578175,,-0.35697002707839776,-0.19450958515968583,-0.3312217028169935,-0.07040614224254599,-0.410039658061737,-0.012456433499593631,0.2324558728632949,0.17634875690188576,-0.6705624109789685,2.0003778642148218,-0.36241263073611724,-1.587768464547143,-0.5919135676769999,-0.4665782280287799,0.9592164721754394,-0.6233985257977974
941,GRASS,-1.561393461628163,1.6453783534302109,,-0.35697002707839776,-0.19450958515968583,0.2863108403909077,-0.07011929237771419,-0.3792621725880035,-0.13456648642239086,0.5661892456270077,0.5632438773909988,-0.3361630542429045,-0.6517613725583347,0.33781345586447564,0.9442167502650852,0.5815621101578681,0.35662496816027034,0.8250081230334004,-0.7834790449405415
